image_name,source,person_count
video-8QxGjiebFiGwCKrd5-frame-009600-YpA5x7NGdRCm4wQRw.jpg,FLIR,0
video-wGdqQimawNX3RYv76-frame-011227-wCZahKE3xEpmRTBf7.jpg,FLIR,0
video-ZicHYAPRYGdu82nAa-frame-003531-oTDZ7T5Z2hpjdR3a4.jpg,FLIR,5
video-zNFzcc9wW8XB4QwTa-frame-002000-5cY6T6kBWZGj4qjdW.jpg,FLIR,3
video-vbhpsNpMoX2Qbhw2A-frame-001515-GxsEfTkeDjLXAytd2.jpg,FLIR,0
video-AEZAaF8epmvQv5Nfj-frame-006830-icGbMAtJTBrFeu2at.jpg,FLIR,1
video-JFiGa9oAAN2queuLt-frame-014852-KQ6bwCut6bPZGFo4z.jpg,FLIR,0
video-5An82wT7iBmfZSwx7-frame-005421-uu4S2RrLn5ALkJRHC.jpg,FLIR,14
video-AEZAaF8epmvQv5Nfj-frame-007060-rgGvQvuDsWGFtd5Ef.jpg,FLIR,8
video-JFiGa9oAAN2queuLt-frame-004837-ovwKXJER5T7zzJhWN.jpg,FLIR,15
video-jNQtRj6NGycZDEXpe-frame-006007-uEuQyB3YaQxdBSgyN.jpg,FLIR,4
video-DJYDQTZH7GLCqw3Tx-frame-003331-Crs6gtSarrxs9QABe.jpg,FLIR,4
video-5HPT2goT53ceRpvRm-frame-000840-SM3ACac9h3gSkzZdY.jpg,FLIR,2
video-5v4MPkCMGEKPfroxc-frame-000287-PHWw9y2miQxRWJggg.jpg,FLIR,32
video-r68Yr9RPWEp5fW2ZF-frame-013608-ffcZfP6cL9HuiwTFx.jpg,FLIR,8
video-7yaY3LisuPdNyfZH9-frame-001747-9GByMueiophqmecNd.jpg,FLIR,0
video-JFiGa9oAAN2queuLt-frame-015393-mwkD8oH3NQMygPupK.jpg,FLIR,2
video-WFkuHrJEHigf6HCWZ-frame-000580-vKSg7Zye5H6GyeFon.jpg,FLIR,4
video-BjSfmxLQqCGjg8tya-frame-001098-a6idcwFZMu9zGeAde.jpg,FLIR,4
video-FpPLvkRLgQbgG7A7n-frame-003300-8L5xdAdFJDNWd4Hsz.jpg,FLIR,0
video-TxNGEKRyWMf6Q7hS2-frame-000000-8xfKCZEh5hM9dFfKJ.jpg,FLIR,0
video-evnmmkhaqckdxWa9P-frame-002486-PYTrcA29TMwdtZftG.jpg,FLIR,1
video-wGdqQimawNX3RYv76-frame-006459-iq9BgA8NYE5NooMbA.jpg,FLIR,2
video-yNoh5QQAPbR9Afm4i-frame-003946-YvedJE4gzefCn9DvM.jpg,FLIR,10
video-49ZHZYTfjWxQXmrQs-frame-000750-gF8JFqD9bWYY4a6s2.jpg,FLIR,0
video-TxNGEKRyWMf6Q7hS2-frame-000984-hrsTZSFm5mbJJSotr.jpg,FLIR,0
video-c3Lxro5s7dbYgdGRp-frame-000000-6ivWmsFn8zNpeHELm.jpg,FLIR,0
video-G9ZpKLJEKsMheip7b-frame-006150-qX92TQ3jBzAMyf5Ai.jpg,FLIR,0
video-AEZAaF8epmvQv5Nfj-frame-010816-cyC5dB6hs2geqWgsQ.jpg,FLIR,3
video-Bfb39QmAgJQZfE7Pu-frame-001998-yiSiLFMfNXy9WLpf7.jpg,FLIR,0
video-JFiGa9oAAN2queuLt-frame-003657-FbTJtJYzFNfMsrbgk.jpg,FLIR,17
video-jNQtRj6NGycZDEXpe-frame-000473-ijM3d4QbbJNzkhfgH.jpg,FLIR,2
video-wGdqQimawNX3RYv76-frame-006234-3zF9sfZWxQiaYv4Ns.jpg,FLIR,2
video-49ZHZYTfjWxQXmrQs-frame-001050-4jkxbo8jMqBAQ34mm.jpg,FLIR,0
video-GMDwNs5TdqejpF4vu-frame-002989-MgStjwq9gg3uX2d2Z.jpg,FLIR,1
video-nodg7n2aFzCWFJBnv-frame-003427-NST8APLFG2wSZGDmo.jpg,FLIR,4
video-5YffDt2oYT6CDzYHk-frame-003699-gnRfcY95PMRsiqxix.jpg,FLIR,0
video-JFiGa9oAAN2queuLt-frame-002957-8LY4vRZiYPbEPtGnE.jpg,FLIR,20
video-r68Yr9RPWEp5fW2ZF-frame-011023-D29xbfKYG6bKS8Jcm.jpg,FLIR,2
video-AEZAaF8epmvQv5Nfj-frame-013540-iA8oxY5u3crvtQEox.jpg,FLIR,2
video-5YffDt2oYT6CDzYHk-frame-001954-neXjCWBN3QWiHwHFt.jpg,FLIR,6
video-GzdKTLbkG5F7gAunM-frame-001143-p7Nc3ARyjAHSscnR6.jpg,FLIR,6
video-GXXqNLCqyu72TLx5i-frame-000822-rATWtJ3PxLSyxLB5o.jpg,FLIR,7
video-WXTMrJkrK8BMoMkxk-frame-001899-modGF9keP3XyBj8GN.jpg,FLIR,2
video-iFWh9r9TJWmTzTrha-frame-004254-NoTXq6acEeeSK8yZX.jpg,FLIR,7
video-GzdKTLbkG5F7gAunM-frame-001203-LhCTqwQ2fHavr2764.jpg,FLIR,3
video-24ysbPEGoEKKDvRt6-frame-000495-JswBF72qP5LpyRZKE.jpg,FLIR,14
video-ooW42bEtJrR4gufJr-frame-006000-a5iAgqwPjDXwBPX7v.jpg,FLIR,0
video-aMQG7QCtJKfnEdue5-frame-000190-76GFGTomqQuHnRvkG.jpg,FLIR,8
video-fZKBh7mRSKHjXS2zk-frame-007800-TKmHwvbPBKRGHS4Ky.jpg,FLIR,2
video-r68Yr9RPWEp5fW2ZF-frame-006346-ysuNPcEQqxYdDLm75.jpg,FLIR,3
video-G9ZpKLJEKsMheip7b-frame-012300-B6nkcuC67bncJMjrC.jpg,FLIR,0
video-49ZHZYTfjWxQXmrQs-frame-007650-uN9Bk4ZSHX3GAhZcF.jpg,FLIR,1
video-FWQff8BQpTRSt9hfA-frame-004200-CQfbf2hzLDRYeo3py.jpg,FLIR,0
video-muKWZNM2FxQoStMQh-frame-001015-xGxKEJj3SWeaGBMZk.jpg,FLIR,0
video-DJYDQTZH7GLCqw3Tx-frame-008580-8dTLvXaefj4fTuLus.jpg,FLIR,9
video-muKWZNM2FxQoStMQh-frame-002021-7PAZ9QmfDDanxnw8j.jpg,FLIR,4
video-4KhLCjoeEmjGBaRLQ-frame-000414-cpvZWhYoyh3MZxoiZ.jpg,FLIR,1
video-iTrM5ner4KQGLvpdC-frame-004548-Wy58rsLrQbrvnJ4eF.jpg,FLIR,0
video-ipHbyAv8iW9kmxTGj-frame-004670-vNSHX8maecfmALReC.jpg,FLIR,0
video-SyzNY82LYZrhkPH7x-frame-003293-i2yhzMPD2zbqowAg9.jpg,FLIR,0
video-DJYDQTZH7GLCqw3Tx-frame-008860-5WvmnBd7vpTJKZb3D.jpg,FLIR,7
video-7yaY3LisuPdNyfZH9-frame-003340-PgtcdauBrC7WPSdrk.jpg,FLIR,1
video-JFiGa9oAAN2queuLt-frame-000270-XaPYS9WR3uRf7hWGH.jpg,FLIR,13
video-TEAocgWiwwMWxYtgJ-frame-005274-nwKB7QkxPcuy8EDeD.jpg,FLIR,2
video-G6FT88p5kgvAR2Y92-frame-005700-Qx778uANX489BC5ic.jpg,FLIR,0
video-jNQtRj6NGycZDEXpe-frame-006052-ud9BqnN4Kj6G5G4eP.jpg,FLIR,2
video-5YuhMWusfM3ZMtvDx-frame-002505-fNajLMgSE7oe8pQ6o.jpg,FLIR,12
video-8QxGjiebFiGwCKrd5-frame-001350-Tu2xFwNGMDRY5xTAu.jpg,FLIR,0
video-kDDWXrnLSoSdHCZ7S-frame-001864-tGmuKBPLZe2EqAvef.jpg,FLIR,1
video-5Lwe5DATf4BxKtaiB-frame-000662-ZoPnXmrFXywD62gsm.jpg,FLIR,9
video-KTtJnXH7CcPgLeF2G-frame-004258-DNNxKZtSQYjHqY2mb.jpg,FLIR,5
video-r68Yr9RPWEp5fW2ZF-frame-002106-QueXuyzbuPdkXFPE9.jpg,FLIR,14
video-kDDWXrnLSoSdHCZ7S-frame-002583-u3roTMsci4ZSMRS4a.jpg,FLIR,1
video-kDDWXrnLSoSdHCZ7S-frame-004458-w86fMLW6dpiwYgj4a.jpg,FLIR,0
video-G6FT88p5kgvAR2Y92-frame-003000-268GjMZQFK43paqCn.jpg,FLIR,0
video-PY5tYnNPcGE9WrZuq-frame-000330-7B6LkytxgCh7BPqNn.jpg,FLIR,0
video-AEZAaF8epmvQv5Nfj-frame-014841-xqodCSd4hBsKjNXQk.jpg,FLIR,3
video-Gfv3kbdf5KAYRtPcz-frame-002891-6dNtBBtSKT6nzyPsy.jpg,FLIR,9
video-cprcATqPmWGnc3cgi-frame-000600-tZuvnKjLQKGg8k3s3.jpg,FLIR,0
video-WiuWWrsHrJsDcfFzg-frame-008451-e6fEEBpCpi2ToF4FF.jpg,FLIR,5
video-MoCHppHsM4bnncPmS-frame-002622-Ljapu48qwtsTQc9z2.jpg,FLIR,5
video-5Lwe5DATf4BxKtaiB-frame-001202-ArMgWWWSrybMRp5Kg.jpg,FLIR,9
video-r68Yr9RPWEp5fW2ZF-frame-008743-76NoQbwp7n2zFDuPG.jpg,FLIR,4
video-7EPybiwBrzjDKn7TZ-frame-003876-iJuopEbFEM2B8KLXF.jpg,FLIR,5
video-nCxsLGvXK8o25AmXW-frame-014830-H8LCD6Z5mb8A9R5uL.jpg,FLIR,0
video-nodg7n2aFzCWFJBnv-frame-002947-MYjLn2hj669yab6e3.jpg,FLIR,9
video-mBQmysFvQtPK36MsF-frame-004312-R8tax7ANLJMg9gpcp.jpg,FLIR,2
video-S5osy2ei487eAM2fw-frame-004101-X7WZRPhpcwX8ED2fM.jpg,FLIR,14
video-DJYDQTZH7GLCqw3Tx-frame-006807-2N5QEcenSFT9j6BFF.jpg,FLIR,1
video-DJYDQTZH7GLCqw3Tx-frame-002677-8XsEo5w4gdXDNXTiz.jpg,FLIR,6
video-DJYDQTZH7GLCqw3Tx-frame-008620-MaWsD7sBj64sfQM2y.jpg,FLIR,10
video-hmsJCeMCWjX2FhxD8-frame-010241-8dYF4rmQFZDDwNuqM.jpg,FLIR,5
video-QvjyFt7jvqczmaoNZ-frame-001800-wQc2jkWxTEy7o4Gfh.jpg,FLIR,0
video-nodg7n2aFzCWFJBnv-frame-000185-owPz7urmArGyZFQiP.jpg,FLIR,1
video-r68Yr9RPWEp5fW2ZF-frame-006986-FEvYye4CpsQHe2RjP.jpg,FLIR,6
video-hmsJCeMCWjX2FhxD8-frame-002406-ZcEq3K9zLYvD8yqo7.jpg,FLIR,3
video-DJYDQTZH7GLCqw3Tx-frame-007450-rnKnzPuJCriTDju82.jpg,FLIR,8
video-DJYDQTZH7GLCqw3Tx-frame-003851-qiMvn8fDqxo3aJKTd.jpg,FLIR,3
video-BjSfmxLQqCGjg8tya-frame-007781-SgSB4qKiKZnTrwGyn.jpg,FLIR,0
100039.jpg,LLVIP,1
081256.jpg,LLVIP,2
040163.jpg,LLVIP,2
081314.jpg,LLVIP,2
081093.jpg,LLVIP,3
100127.jpg,LLVIP,1
010578.jpg,LLVIP,2
090247.jpg,LLVIP,2
100150.jpg,LLVIP,1
010441.jpg,LLVIP,3
060280.jpg,LLVIP,2
101280.jpg,LLVIP,3
090317.jpg,LLVIP,3
090698.jpg,LLVIP,1
080568.jpg,LLVIP,3
091079.jpg,LLVIP,5
010584.jpg,LLVIP,10
150417.jpg,LLVIP,5
100839.jpg,LLVIP,4
120164.jpg,LLVIP,4
150383.jpg,LLVIP,2
050207.jpg,LLVIP,5
081212.jpg,LLVIP,2
140530.jpg,LLVIP,1
081519.jpg,LLVIP,9
150407.jpg,LLVIP,3
040395.jpg,LLVIP,3
120249.jpg,LLVIP,4
100377.jpg,LLVIP,3
130392.jpg,LLVIP,2
010323.jpg,LLVIP,6
060208.jpg,LLVIP,6
081197.jpg,LLVIP,4
081521.jpg,LLVIP,3
120334.jpg,LLVIP,1
070354.jpg,LLVIP,2
090634.jpg,LLVIP,2
010252.jpg,LLVIP,5
080541.jpg,LLVIP,4
100417.jpg,LLVIP,1
090592.jpg,LLVIP,1
010036.jpg,LLVIP,5
120368.jpg,LLVIP,2
030418.jpg,LLVIP,5
140362.jpg,LLVIP,3
010040.jpg,LLVIP,6
081391.jpg,LLVIP,5
080028.jpg,LLVIP,6
040192.jpg,LLVIP,3
050262.jpg,LLVIP,1
080289.jpg,LLVIP,4
120290.jpg,LLVIP,4
090038.jpg,LLVIP,2
120133.jpg,LLVIP,2
070047.jpg,LLVIP,1
110427.jpg,LLVIP,2
070054.jpg,LLVIP,5
150142.jpg,LLVIP,2
060075.jpg,LLVIP,3
060122.jpg,LLVIP,4
030092.jpg,LLVIP,3
110455.jpg,LLVIP,1
091123.jpg,LLVIP,1
010108.jpg,LLVIP,3
030219.jpg,LLVIP,3
120193.jpg,LLVIP,1
060283.jpg,LLVIP,3
150240.jpg,LLVIP,1
100018.jpg,LLVIP,1
060406.jpg,LLVIP,3
090368.jpg,LLVIP,3
020203.jpg,LLVIP,2
080134.jpg,LLVIP,3
060424.jpg,LLVIP,9
060457.jpg,LLVIP,2
120184.jpg,LLVIP,2
020375.jpg,LLVIP,2
100474.jpg,LLVIP,4
130120.jpg,LLVIP,3
040453.jpg,LLVIP,1
140099.jpg,LLVIP,2
020356.jpg,LLVIP,2
090404.jpg,LLVIP,3
080425.jpg,LLVIP,5
090907.jpg,LLVIP,2
070160.jpg,LLVIP,4
070322.jpg,LLVIP,3
070021.jpg,LLVIP,1
140046.jpg,LLVIP,2
110253.jpg,LLVIP,3
101231.jpg,LLVIP,3
110431.jpg,LLVIP,6
140283.jpg,LLVIP,1
020460.jpg,LLVIP,2
070169.jpg,LLVIP,2
080353.jpg,LLVIP,3
140234.jpg,LLVIP,3
110310.jpg,LLVIP,3
110013.jpg,LLVIP,1
101023.jpg,LLVIP,3
