image_path,type,body_part,temperature,image_name,instance,evaluate
Datasets/ThermEval/double/Thermal_202.JPG,double_left,chest,30.939506172839508,Thermal_202.JPG,double,left
Datasets/ThermEval/double/Thermal_24.JPG,double_right,chest,32.85365418894831,Thermal_24.JPG,double,right
Datasets/ThermEval/single/Thermal_162.JPG,single,chest,33.07051796931315,Thermal_162.JPG,single,evaluate
Datasets/ThermEval/double/Thermal_229.JPG,double_right,forehead,34.319813519813515,Thermal_229.JPG,double,right
Datasets/ThermEval/single/Thermal_167.JPG,single,chest,31.91162876008804,Thermal_167.JPG,single,evaluate
Datasets/ThermEval/double/Thermal_1.JPG,double_right,forehead,31.340669856459325,Thermal_1.JPG,double,right
Datasets/ThermEval/double/Thermal_24.JPG,double_left,chest,33.26738562091503,Thermal_24.JPG,double,left
Datasets/ThermEval/single/Thermal_61.JPG,single,forehead,31.43367346938776,Thermal_61.JPG,single,evaluate
Datasets/ThermEval/single/Thermal_156.JPG,single,forehead,34.14444444444444,Thermal_156.JPG,single,evaluate
Datasets/ThermEval/double/Thermal_105.JPG,double_right,forehead,31.993939393939392,Thermal_105.JPG,double,right
Datasets/ThermEval/double/Thermal_26.JPG,double_left,forehead,31.75994897959183,Thermal_26.JPG,double,left
Datasets/ThermEval/single/Thermal_179.JPG,single,forehead,33.10252525252525,Thermal_179.JPG,single,evaluate
Datasets/ThermEval/single/Thermal_157.JPG,single,nose,34.99861111111111,Thermal_157.JPG,single,evaluate
Datasets/ThermEval/single/Thermal_52.JPG,single,forehead,32.64702842377261,Thermal_52.JPG,single,evaluate
Datasets/ThermEval/single/Thermal_3.JPG,single,nose,33.175714285714285,Thermal_3.JPG,single,evaluate
Datasets/ThermEval/single/Thermal_49.JPG,single,chest,29.001338815095927,Thermal_49.JPG,single,evaluate
Datasets/ThermEval/single/Thermal_39.JPG,single,chest,33.91738095238095,Thermal_39.JPG,single,evaluate
Datasets/ThermEval/single/Thermal_156.JPG,single,nose,34.873333333333335,Thermal_156.JPG,single,evaluate
Datasets/ThermEval/double/Thermal_26.JPG,double_left,chest,32.89197994987468,Thermal_26.JPG,double,left
Datasets/ThermEval/double/Thermal_105.JPG,double_right,nose,34.36181818181818,Thermal_105.JPG,double,right
Datasets/ThermEval/double/Thermal_47.JPG,double_left,forehead,32.355555555555554,Thermal_47.JPG,double,left
Datasets/ThermEval/single/Thermal_4.JPG,single,chest,30.318122097632795,Thermal_4.JPG,single,evaluate
Datasets/ThermEval/single/Thermal_37.JPG,single,chest,34.554707792207786,Thermal_37.JPG,single,evaluate
Datasets/ThermEval/double/Thermal_85.JPG,double_left,forehead,28.26086956521739,Thermal_85.JPG,double,left
Datasets/ThermEval/single/Thermal_15.JPG,single,forehead,31.05497076023392,Thermal_15.JPG,single,evaluate
Datasets/ThermEval/double/Thermal_223.JPG,double_left,forehead,32.817241379310346,Thermal_223.JPG,double,left
Datasets/ThermEval/single/Thermal_43.JPG,single,chest,33.84767801857585,Thermal_43.JPG,single,evaluate
Datasets/ThermEval/double/Thermal_35.JPG,double_right,chest,33.28952173913044,Thermal_35.JPG,double,right
Datasets/ThermEval/double/Thermal_219.JPG,double_left,chest,31.64189500640204,Thermal_219.JPG,double,left
Datasets/ThermEval/single/Thermal_170.JPG,single,chest,30.895163584637267,Thermal_170.JPG,single,evaluate
Datasets/ThermEval/double/Thermal_21.JPG,double_right,chest,33.83851095993953,Thermal_21.JPG,double,right
Datasets/ThermEval/single/Thermal_112.JPG,single,chest,30.69957118353345,Thermal_112.JPG,single,evaluate
Datasets/ThermEval/single/Thermal_187.JPG,single,nose,33.375,Thermal_187.JPG,single,evaluate
Datasets/ThermEval/double/Thermal_30.JPG,double_left,forehead,33.57058823529412,Thermal_30.JPG,double,left
Datasets/ThermEval/single/Thermal_74.JPG,single,forehead,31.7078870496592,Thermal_74.JPG,single,evaluate
Datasets/ThermEval/double/Thermal_17.JPG,double_left,forehead,31.15972222222222,Thermal_17.JPG,double,left
Datasets/ThermEval/double/Thermal_103.JPG,double_left,chest,31.826849894291755,Thermal_103.JPG,double,left
Datasets/ThermEval/double/Thermal_6.JPG,double_left,nose,30.639285714285712,Thermal_6.JPG,double,left
Datasets/ThermEval/single/Thermal_92.JPG,single,chest,33.50615341908023,Thermal_92.JPG,single,evaluate
Datasets/ThermEval/single/Thermal_92.JPG,single,nose,36.01,Thermal_92.JPG,single,evaluate
Datasets/ThermEval/single/Thermal_215.JPG,single,nose,29.69714285714286,Thermal_215.JPG,single,evaluate
Datasets/ThermEval/double/Thermal_23.JPG,double_right,forehead,32.031666666666666,Thermal_23.JPG,double,right
Datasets/ThermEval/single/Thermal_193.JPG,single,chest,29.22587412587412,Thermal_193.JPG,single,evaluate
Datasets/ThermEval/double/Thermal_140.JPG,double_right,nose,35.598214285714285,Thermal_140.JPG,double,right
Datasets/ThermEval/single/Thermal_83.JPG,single,chest,28.96937869822485,Thermal_83.JPG,single,evaluate
Datasets/ThermEval/single/Thermal_92.JPG,single,forehead,35.39142857142857,Thermal_92.JPG,single,evaluate
Datasets/ThermEval/double/Thermal_7.JPG,double_right,chest,28.66730263157895,Thermal_7.JPG,double,right
Datasets/ThermEval/double/Thermal_21.JPG,double_right,forehead,35.55466666666667,Thermal_21.JPG,double,right
Datasets/ThermEval/double/Thermal_104.JPG,double_left,chest,32.186331901181525,Thermal_104.JPG,double,left
Datasets/ThermEval/single/Thermal_180.JPG,single,chest,32.48236533957845,Thermal_180.JPG,single,evaluate
Datasets/ThermEval/double/Thermal_130.JPG,double_left,nose,32.542857142857144,Thermal_130.JPG,double,left
Datasets/ThermEval/double/Thermal_7.JPG,double_left,chest,29.077562326869806,Thermal_7.JPG,double,left
Datasets/ThermEval/single/Thermal_13.JPG,single,forehead,26.81904761904762,Thermal_13.JPG,single,evaluate
Datasets/ThermEval/single/Thermal_38.JPG,single,chest,33.04725990233315,Thermal_38.JPG,single,evaluate
Datasets/ThermEval/double/Thermal_105.JPG,double_left,nose,33.486666666666665,Thermal_105.JPG,double,left
Datasets/ThermEval/double/Thermal_138.JPG,double_right,nose,33.10625,Thermal_138.JPG,double,right
Datasets/ThermEval/double/Thermal_69.JPG,double_right,forehead,31.749122807017542,Thermal_69.JPG,double,right
Datasets/ThermEval/single/Thermal_83.JPG,single,forehead,32.19094650205761,Thermal_83.JPG,single,evaluate
Datasets/ThermEval/double/Thermal_31.JPG,double_left,forehead,33.09166666666667,Thermal_31.JPG,double,left
Datasets/ThermEval/single/Thermal_100.JPG,single,nose,35.00769230769231,Thermal_100.JPG,single,evaluate
Datasets/ThermEval/double/Thermal_201.JPG,double_left,forehead,31.34166666666667,Thermal_201.JPG,double,left
Datasets/ThermEval/single/Thermal_13.JPG,single,nose,22.84285714285713,Thermal_13.JPG,single,evaluate
Datasets/ThermEval/double/Thermal_22.JPG,double_right,nose,33.508333333333326,Thermal_22.JPG,double,right
Datasets/ThermEval/single/Thermal_149.JPG,single,nose,33.5719387755102,Thermal_149.JPG,single,evaluate
Datasets/ThermEval/double/Thermal_138.JPG,double_left,forehead,32.88142857142857,Thermal_138.JPG,double,left
Datasets/ThermEval/single/Thermal_37.JPG,single,nose,36.63061224489796,Thermal_37.JPG,single,evaluate
Datasets/ThermEval/double/Thermal_150.JPG,double_left,nose,33.41428571428571,Thermal_150.JPG,double,left
Datasets/ThermEval/double/Thermal_218.JPG,double_right,forehead,34.28605769230769,Thermal_218.JPG,double,right
Datasets/ThermEval/double/Thermal_232.JPG,double_right,chest,31.646602150537635,Thermal_232.JPG,double,right
Datasets/ThermEval/single/Thermal_99.JPG,single,chest,35.061966604823745,Thermal_99.JPG,single,evaluate
Datasets/ThermEval/double/Thermal_33.JPG,double_right,chest,32.4791280148423,Thermal_33.JPG,double,right
Datasets/ThermEval/single/Thermal_135.JPG,single,nose,32.80817307692308,Thermal_135.JPG,single,evaluate
Datasets/ThermEval/single/Thermal_28.JPG,single,chest,30.9530209293142,Thermal_28.JPG,single,evaluate
Datasets/ThermEval/single/Thermal_152.JPG,single,chest,30.68043981481481,Thermal_152.JPG,single,evaluate
Datasets/ThermEval/single/Thermal_48.JPG,single,chest,33.04183673469388,Thermal_48.JPG,single,evaluate
Datasets/ThermEval/double/Thermal_46.JPG,double_right,nose,35.329166666666666,Thermal_46.JPG,double,right
Datasets/ThermEval/single/Thermal_11.JPG,single,forehead,28.2974025974026,Thermal_11.JPG,single,evaluate
Datasets/ThermEval/double/Thermal_201.JPG,double_right,nose,34.11666666666667,Thermal_201.JPG,double,right
Datasets/ThermEval/single/Thermal_173.JPG,single,nose,31.27,Thermal_173.JPG,single,evaluate
Datasets/ThermEval/single/Thermal_3.JPG,single,forehead,32.692708333333336,Thermal_3.JPG,single,evaluate
Datasets/ThermEval/double/Thermal_129.JPG,double_left,chest,32.48848770277342,Thermal_129.JPG,double,left
Datasets/ThermEval/double/Thermal_223.JPG,double_left,chest,29.662625482625483,Thermal_223.JPG,double,left
Datasets/ThermEval/single/Thermal_106.JPG,single,forehead,32.02019230769231,Thermal_106.JPG,single,evaluate
Datasets/ThermEval/single/Thermal_168.JPG,single,forehead,30.626136363636363,Thermal_168.JPG,single,evaluate
Datasets/ThermEval/single/Thermal_75.JPG,single,forehead,32.25475113122172,Thermal_75.JPG,single,evaluate
Datasets/ThermEval/single/Thermal_160.JPG,single,chest,31.960484977886225,Thermal_160.JPG,single,evaluate
Datasets/ThermEval/single/Thermal_168.JPG,single,nose,30.36543209876543,Thermal_168.JPG,single,evaluate
Datasets/ThermEval/single/Thermal_121.JPG,single,forehead,33.294666666666664,Thermal_121.JPG,single,evaluate
Datasets/ThermEval/single/Thermal_48.JPG,single,forehead,34.76592592592592,Thermal_48.JPG,single,evaluate
Datasets/ThermEval/single/Thermal_194.JPG,single,chest,29.152608695652173,Thermal_194.JPG,single,evaluate
Datasets/ThermEval/double/Thermal_137.JPG,double_right,forehead,33.74444444444445,Thermal_137.JPG,double,right
Datasets/ThermEval/single/Thermal_70.JPG,single,chest,31.10552096305521,Thermal_70.JPG,single,evaluate
Datasets/ThermEval/double/Thermal_46.JPG,double_left,chest,31.493456276026176,Thermal_46.JPG,double,left
Datasets/ThermEval/single/Thermal_98.JPG,single,chest,34.75373249191935,Thermal_98.JPG,single,evaluate
Datasets/ThermEval/single/Thermal_125.JPG,single,nose,35.051785714285714,Thermal_125.JPG,single,evaluate
Datasets/ThermEval/double/Thermal_129.JPG,double_left,nose,33.513888888888886,Thermal_129.JPG,double,left
Datasets/ThermEval/single/Thermal_112.JPG,single,nose,33.21785714285714,Thermal_112.JPG,single,evaluate
Datasets/ThermEval/single/Thermal_157.JPG,single,forehead,34.62833333333333,Thermal_157.JPG,single,evaluate
Datasets/ThermEval/double/Thermal_137.JPG,double_left,forehead,33.33636363636363,Thermal_137.JPG,double,left
Datasets/ThermEval/single/Thermal_124.JPG,single,chest,33.90516304347826,Thermal_124.JPG,single,evaluate
